,Row#,clonesize,honeybee,bumbles,andrena,osmia,MaxOfUpperTRange,RainingDays,fruitset,yield
40,40,25.0,0.25,0.25,0.25,0.38,86.0,16.0,0.443419908,4870.625368
493,493,25.0,0.5,0.25,0.38,0.75,86.0,24.0,0.467156853,5424.123512
489,489,25.0,0.5,0.25,0.38,0.75,86.0,16.0,0.506260198,6117.4759
593,593,25.0,0.5,0.25,0.63,0.75,77.4,16.0,0.506793789,6493.637124
425,425,12.5,0.25,0.38,0.5,0.63,94.6,24.0,0.509933842,5898.015732
8,8,37.5,0.75,0.25,0.25,0.25,77.4,16.0,0.427977027,4234.868585
113,113,12.5,0.25,0.25,0.25,0.63,69.7,24.0,0.532704207,6480.80815
558,558,25.0,0.5,0.25,0.63,0.5,86.0,34.0,0.386518419,4125.757119
401,401,12.5,0.25,0.38,0.38,0.75,69.7,24.0,0.551891558,7298.002602
734,734,25.0,0.5,0.38,0.5,0.75,86.0,34.0,0.450102564,5033.685563
204,204,12.5,0.25,0.25,0.38,0.75,77.4,1.0,0.617868887,8212.792891
202,202,12.5,0.25,0.25,0.38,0.75,94.6,34.0,0.417072864,4393.527431
585,585,25.0,0.5,0.25,0.63,0.75,86.0,16.0,0.517993775,6182.750871
428,428,12.5,0.25,0.38,0.5,0.63,77.4,1.0,0.62818447,8489.691924
667,667,25.0,0.5,0.38,0.38,0.63,94.6,16.0,0.51884433,6226.285142
55,55,12.5,0.25,0.25,0.25,0.25,86.0,24.0,0.466974086,4999.156215
75,75,12.5,0.25,0.25,0.25,0.38,77.4,16.0,0.567975637,7016.89385
263,263,12.5,0.25,0.25,0.63,0.5,86.0,24.0,0.532627825,6255.890642
1,1,37.5,0.75,0.25,0.25,0.25,86.0,1.0,0.444254359,4947.605663
443,443,12.5,0.25,0.38,0.5,0.75,77.4,16.0,0.621810512,8173.589103
458,458,25.0,0.5,0.25,0.38,0.5,86.0,1.0,0.517723246,6392.356672
771,771,20.0,0.0,0.058,0.409,0.117,86.0,3.77,0.33592747,3471.192143
671,671,25.0,0.5,0.38,0.38,0.63,94.6,24.0,0.41016336,4560.22361
668,668,25.0,0.5,0.38,0.38,0.63,94.6,1.0,0.538550337,6643.901898
79,79,12.5,0.25,0.25,0.25,0.38,77.4,24.0,0.52391434,6030.980735
772,772,10.0,0.537,0.117,0.409,0.058,86.0,3.77,0.486814739,5333.873335
103,103,12.5,0.25,0.25,0.25,0.63,86.0,24.0,0.540978199,6443.256903
351,351,12.5,0.25,0.25,0.75,0.75,77.4,24.0,0.578887446,7183.10038
500,500,25.0,0.5,0.25,0.38,0.75,69.7,1.0,0.473688611,5948.114471
770,770,20.0,0.0,0.293,0.234,0.058,86.0,3.77,0.497503209,5449.421199
266,266,12.5,0.25,0.25,0.63,0.5,94.6,34.0,0.396762494,4042.842643
686,686,25.0,0.5,0.38,0.38,0.75,86.0,34.0,0.446141264,5004.154338
451,451,12.5,0.25,0.38,0.63,0.5,86.0,16.0,0.612209289,7884.567722
632,632,25.0,0.5,0.25,0.75,0.63,69.7,34.0,0.390657895,4163.823044
404,404,12.5,0.25,0.38,0.5,0.5,86.0,1.0,0.632108665,8408.383412
729,729,25.0,0.5,0.38,0.5,0.75,86.0,16.0,0.548124898,6754.448935
535,535,25.0,0.5,0.25,0.5,0.63,69.7,24.0,0.426173511,4924.357362
316,316,12.5,0.25,0.25,0.75,0.5,77.4,1.0,0.593029845,7639.547887
681,681,25.0,0.5,0.38,0.38,0.75,86.0,16.0,0.546003143,6580.396963
592,592,25.0,0.5,0.25,0.63,0.75,94.6,34.0,0.350874635,3511.537898
389,389,12.5,0.25,0.38,0.38,0.75,94.6,16.0,0.623063206,8166.597859
692,692,25.0,0.5,0.38,0.38,0.75,69.7,1.0,0.495987728,6449.041569
563,563,25.0,0.5,0.25,0.63,0.5,69.7,16.0,0.458246439,5628.710525
590,590,25.0,0.5,0.25,0.63,0.75,86.0,34.0,0.420206355,4808.609022
302,302,12.5,0.25,0.25,0.63,0.75,69.7,1.0,0.524577301,6614.219308
145,145,12.5,0.25,0.25,0.38,0.25,69.7,24.0,0.489326401,5674.028523
356,356,12.5,0.25,0.38,0.38,0.5,86.0,1.0,0.641480254,8711.208961
355,355,12.5,0.25,0.38,0.38,0.5,86.0,16.0,0.621376432,8134.726547
409,409,12.5,0.25,0.38,0.5,0.5,94.6,24.0,0.481328623,5504.750825
776,776,20.0,0.537,0.117,0.409,0.058,89.0,24.0,0.384646205,3943.131681
18,18,37.5,0.25,0.25,0.25,0.25,94.6,34.0,0.233554492,1945.530615
757,757,25.0,0.5,0.38,0.63,0.5,77.4,24.0,0.5138891,6180.951419
240,240,12.5,0.25,0.25,0.5,0.63,77.4,34.0,0.561296524,6735.24371
761,761,20.0,6.64,0.0,0.0,0.0,86.0,3.77,0.508675267,4936.36477
553,553,25.0,0.5,0.25,0.63,0.5,86.0,16.0,0.494493206,5942.421625
441,441,12.5,0.25,0.38,0.5,0.75,94.6,24.0,0.506190323,5807.006933
50,50,25.0,0.25,0.25,0.25,0.38,69.7,16.0,0.429092481,4705.626533
567,567,25.0,0.5,0.25,0.63,0.5,69.7,24.0,0.429580755,4945.794431
627,627,25.0,0.5,0.25,0.75,0.63,69.7,16.0,0.444479717,5388.50369
561,561,25.0,0.5,0.25,0.63,0.5,77.4,16.0,0.496019026,6292.429621
242,242,12.5,0.25,0.25,0.5,0.63,69.7,34.0,0.46555863,5322.840434
39,39,25.0,0.25,0.25,0.25,0.25,69.7,34.0,0.337022711,3182.698648
241,241,12.5,0.25,0.25,0.5,0.63,69.7,24.0,0.538371386,6771.722906
268,268,12.5,0.25,0.25,0.63,0.5,77.4,1.0,0.596753394,7690.174905
531,531,25.0,0.5,0.25,0.5,0.63,69.7,16.0,0.450822025,5336.974729
10,10,37.5,0.75,0.25,0.25,0.25,69.7,16.0,0.379906235,4057.555205
641,641,25.0,0.5,0.25,0.75,0.75,77.4,16.0,0.509158377,6236.707106
68,68,12.5,0.25,0.25,0.25,0.38,86.0,1.0,0.58704878,7267.28344
258,258,12.5,0.25,0.25,0.5,0.75,69.7,34.0,0.47960301,5830.488555
735,735,25.0,0.5,0.38,0.5,0.75,94.6,24.0,0.436893878,5009.962222
492,492,25.0,0.5,0.25,0.38,0.75,94.6,1.0,0.519184034,6325.266131
415,415,12.5,0.25,0.38,0.5,0.5,77.4,24.0,0.594836828,7441.509419
479,479,25.0,0.5,0.25,0.38,0.63,94.6,24.0,0.364564858,3723.523376
2,2,37.5,0.75,0.25,0.25,0.25,94.6,16.0,0.383786508,3866.798965
769,769,20.0,0.0,0.0,0.0,0.585,86.0,3.77,0.361519212,4254.825135
403,403,12.5,0.25,0.38,0.5,0.5,86.0,16.0,0.615611893,8007.206207
382,382,12.5,0.25,0.38,0.38,0.63,69.7,1.0,0.573204799,7555.171595
417,417,12.5,0.25,0.38,0.5,0.5,69.7,24.0,0.545562834,6979.324788
210,210,12.5,0.25,0.25,0.38,0.75,69.7,34.0,0.468921469,5548.122012
385,385,12.5,0.25,0.38,0.38,0.63,69.7,24.0,0.564981991,7219.760394
283,283,12.5,0.25,0.25,0.63,0.63,77.4,16.0,0.583378727,7425.751937
252,252,12.5,0.25,0.25,0.5,0.75,77.4,1.0,0.608455265,7858.685578
255,255,12.5,0.25,0.25,0.5,0.75,77.4,24.0,0.574796304,7172.435009
718,718,25.0,0.5,0.38,0.5,0.63,86.0,34.0,0.440473059,4926.279024
250,250,12.5,0.25,0.25,0.5,0.75,94.6,34.0,0.437188153,4745.460284
367,367,12.5,0.25,0.38,0.38,0.5,77.4,24.0,0.598814008,7510.790568
331,331,12.5,0.25,0.25,0.75,0.63,77.4,16.0,0.586602539,7428.834423
239,239,12.5,0.25,0.25,0.5,0.63,77.4,24.0,0.576469662,7162.433638
419,419,12.5,0.25,0.38,0.5,0.63,86.0,16.0,0.625727004,8116.531753
703,703,25.0,0.5,0.38,0.5,0.5,94.6,24.0,0.410849197,4489.22384
193,193,12.5,0.25,0.25,0.38,0.63,69.7,24.0,0.50831235,6188.477141
251,251,12.5,0.25,0.25,0.5,0.75,77.4,16.0,0.603493403,7713.479598
672,672,25.0,0.5,0.38,0.38,0.63,94.6,34.0,0.378917495,3983.097848
526,526,25.0,0.5,0.25,0.5,0.63,86.0,34.0,0.379102775,4162.761559
71,71,12.5,0.25,0.25,0.25,0.38,86.0,24.0,0.489823352,5347.718939
49,49,25.0,0.25,0.25,0.25,0.38,77.4,1.0,0.515771805,6318.708722
215,215,12.5,0.25,0.25,0.5,0.5,86.0,24.0,0.535877448,6368.849821
620,620,25.0,0.5,0.25,0.75,0.63,94.6,1.0,0.507115625,6315.233209
501,501,25.0,0.5,0.25,0.38,0.75,77.4,24.0,0.476807761,5429.681612
37,37,25.0,0.25,0.25,0.25,0.25,77.4,24.0,0.426064568,4356.945873
412,412,12.5,0.25,0.38,0.5,0.5,77.4,1.0,0.631033926,8538.462001
48,48,25.0,0.25,0.25,0.25,0.38,77.4,16.0,0.462101998,5221.357411
715,715,25.0,0.5,0.38,0.5,0.63,94.6,16.0,0.527591617,6327.477365
313,313,12.5,0.25,0.25,0.75,0.5,94.6,24.0,0.455384537,5192.883148
474,474,25.0,0.5,0.25,0.38,0.63,86.0,1.0,0.533820778,6731.618436
214,214,12.5,0.25,0.25,0.5,0.5,94.6,1.0,0.582954458,7243.226111
156,156,12.5,0.25,0.25,0.38,0.38,77.4,1.0,0.605758307,7669.811819
76,76,12.5,0.25,0.25,0.25,0.38,77.4,1.0,0.599556267,7570.48492
64,64,12.5,0.25,0.25,0.25,0.25,77.4,34.0,0.481204499,5086.609905
719,719,25.0,0.5,0.38,0.5,0.63,94.6,24.0,0.425493214,4575.769909
52,52,12.5,0.25,0.25,0.25,0.25,86.0,1.0,0.561962455,6691.043218
346,346,12.5,0.25,0.25,0.75,0.75,94.6,34.0,0.450593944,4813.452846
422,422,12.5,0.25,0.38,0.5,0.63,94.6,1.0,0.631790257,8284.85461
758,758,25.0,0.5,0.38,0.63,0.5,77.4,34.0,0.496826261,5700.243243
317,317,12.5,0.25,0.25,0.75,0.5,69.7,16.0,0.527724447,6920.084268
235,235,12.5,0.25,0.25,0.5,0.63,77.4,16.0,0.589306067,7560.205645
299,299,12.5,0.25,0.25,0.63,0.75,77.4,16.0,0.600086778,7835.767792
436,436,12.5,0.25,0.38,0.5,0.75,86.0,1.0,0.644329005,8655.676437
230,230,12.5,0.25,0.25,0.5,0.63,94.6,1.0,0.595712725,7626.617335
118,118,12.5,0.25,0.25,0.25,0.75,94.6,1.0,0.609612922,7945.187841
253,253,12.5,0.25,0.25,0.5,0.75,69.7,16.0,0.55235942,7103.508943
157,157,12.5,0.25,0.25,0.38,0.38,69.7,16.0,0.520637077,6376.662565
278,278,12.5,0.25,0.25,0.63,0.63,94.6,1.0,0.592156153,7297.732097
172,172,12.5,0.25,0.25,0.38,0.5,77.4,1.0,0.610691292,7935.094765
198,198,12.5,0.25,0.25,0.38,0.75,94.6,1.0,0.601404506,7517.440772
310,310,12.5,0.25,0.25,0.75,0.5,94.6,1.0,0.585313688,7284.814779
575,575,25.0,0.5,0.25,0.63,0.63,94.6,24.0,0.383581787,3948.986911
97,97,12.5,0.25,0.25,0.25,0.5,69.7,24.0,0.509560238,6254.829217
536,536,25.0,0.5,0.25,0.5,0.63,69.7,34.0,0.384981338,4112.893488
587,587,25.0,0.5,0.25,0.63,0.75,94.6,16.0,0.496270554,5750.881068
175,175,12.5,0.25,0.25,0.38,0.5,77.4,24.0,0.551775489,6628.76363
476,476,25.0,0.5,0.25,0.38,0.63,94.6,1.0,0.494199141,5773.625809
765,765,20.0,18.43,0.042,0.147,0.021,86.0,3.77,0.55788532,6276.410544
424,424,12.5,0.25,0.38,0.5,0.63,86.0,34.0,0.522435446,5954.513153
530,530,25.0,0.5,0.25,0.5,0.63,77.4,1.0,0.532728714,6801.49205
181,181,12.5,0.25,0.25,0.38,0.63,94.6,16.0,0.577201619,7107.609758
604,604,25.0,0.5,0.25,0.75,0.5,94.6,1.0,0.502398084,6019.262475
352,352,12.5,0.25,0.25,0.75,0.75,77.4,34.0,0.57272491,7019.694384
17,17,37.5,0.25,0.25,0.25,0.25,94.6,24.0,0.279535801,2508.375673
294,294,12.5,0.25,0.25,0.63,0.75,94.6,1.0,0.603371908,7675.963523
267,267,12.5,0.25,0.25,0.63,0.5,77.4,16.0,0.578889093,7127.164572
261,261,12.5,0.25,0.25,0.63,0.5,94.6,16.0,0.565239387,6860.396428
774,774,20.0,0.537,0.117,0.409,0.058,86.0,24.0,0.404617089,4203.027624
306,306,12.5,0.25,0.25,0.63,0.75,69.7,34.0,0.476178181,5596.226357
713,713,25.0,0.5,0.38,0.5,0.63,86.0,16.0,0.553663086,6948.2288
271,271,12.5,0.25,0.25,0.63,0.5,77.4,24.0,0.560709036,6887.466493
170,170,12.5,0.25,0.25,0.38,0.5,94.6,34.0,0.382036352,3826.172262
700,700,25.0,0.5,0.38,0.5,0.5,94.6,1.0,0.525947983,6422.922094
196,196,12.5,0.25,0.25,0.38,0.75,86.0,1.0,0.630637776,8357.067222
45,45,25.0,0.25,0.25,0.25,0.38,86.0,34.0,0.350992769,3385.364224
533,533,25.0,0.5,0.25,0.5,0.63,77.4,24.0,0.47771355,5602.022929
62,62,12.5,0.25,0.25,0.25,0.25,69.7,1.0,0.511480554,6244.195761
78,78,12.5,0.25,0.25,0.25,0.38,69.7,1.0,0.54054056,6801.323934
584,584,25.0,0.5,0.25,0.63,0.63,69.7,34.0,0.397461189,4323.930991
392,392,12.5,0.25,0.38,0.38,0.75,86.0,34.0,0.530112463,6249.470817
395,395,12.5,0.25,0.38,0.38,0.75,77.4,16.0,0.62809913,8307.38018
140,140,12.5,0.25,0.25,0.38,0.25,77.4,1.0,0.578114733,7181.425216
315,315,12.5,0.25,0.25,0.75,0.5,77.4,16.0,0.583697575,7417.81497
724,724,25.0,0.5,0.38,0.5,0.63,69.7,1.0,0.496618271,6467.654764
127,127,12.5,0.25,0.25,0.25,0.75,77.4,24.0,0.585377664,7322.609141
231,231,12.5,0.25,0.25,0.5,0.63,86.0,24.0,0.550116044,6626.851498
380,380,12.5,0.25,0.38,0.38,0.63,77.4,1.0,0.638787728,8634.775829
720,720,25.0,0.5,0.38,0.5,0.63,94.6,34.0,0.395911623,4201.435956
144,144,12.5,0.25,0.25,0.38,0.25,77.4,34.0,0.488308859,5402.484081
272,272,12.5,0.25,0.25,0.63,0.5,77.4,34.0,0.543972464,6451.100519
21,21,37.5,0.25,0.25,0.25,0.25,69.7,16.0,0.392540298,3911.422247
616,616,25.0,0.5,0.25,0.75,0.5,69.7,34.0,0.408797854,4574.813873
661,661,25.0,0.5,0.38,0.38,0.5,77.4,24.0,0.521414646,6409.140005
35,35,25.0,0.25,0.25,0.25,0.25,69.7,16.0,0.407373541,4334.841218
483,483,25.0,0.5,0.25,0.38,0.63,69.7,16.0,0.476364762,5867.997216
159,159,12.5,0.25,0.25,0.38,0.38,77.4,24.0,0.536209474,6299.226358
312,312,12.5,0.25,0.25,0.75,0.5,86.0,34.0,0.467741485,5136.93247
77,77,12.5,0.25,0.25,0.25,0.38,69.7,16.0,0.517721232,6198.064956
375,375,12.5,0.25,0.38,0.38,0.63,86.0,24.0,0.584016198,7270.318318
625,625,25.0,0.5,0.25,0.75,0.63,77.4,16.0,0.508296527,6301.034422
285,285,12.5,0.25,0.25,0.63,0.63,69.7,16.0,0.536128074,6771.674965
109,109,12.5,0.25,0.25,0.25,0.63,69.7,16.0,0.54613583,6898.390949
362,362,12.5,0.25,0.38,0.38,0.5,94.6,34.0,0.424394344,4480.07
303,303,12.5,0.25,0.25,0.63,0.75,77.4,24.0,0.581744319,7206.901956
101,101,12.5,0.25,0.25,0.25,0.63,94.6,16.0,0.572046486,6960.107506
319,319,12.5,0.25,0.25,0.75,0.5,77.4,24.0,0.556715923,6671.072643
92,92,12.5,0.25,0.25,0.25,0.5,77.4,1.0,0.613333283,7825.874922
249,249,12.5,0.25,0.25,0.5,0.75,94.6,24.0,0.477961423,5454.633853
612,612,25.0,0.5,0.25,0.75,0.5,69.7,1.0,0.46424992,5902.33288
369,369,12.5,0.25,0.38,0.38,0.5,69.7,24.0,0.55195445,7080.040043
728,728,25.0,0.5,0.38,0.5,0.63,69.7,34.0,0.427020997,4644.601168
354,354,12.5,0.25,0.25,0.75,0.75,69.7,34.0,0.480386371,5535.05665
481,481,25.0,0.5,0.25,0.38,0.63,77.4,16.0,0.510102557,6115.947066
764,764,20.0,0.537,0.117,0.409,0.058,86.0,3.77,0.408178454,4225.961314
236,236,12.5,0.25,0.25,0.5,0.63,77.4,1.0,0.607690073,7895.020796
211,211,12.5,0.25,0.25,0.5,0.5,86.0,16.0,0.585434474,7380.633803
613,613,25.0,0.5,0.25,0.75,0.5,77.4,24.0,0.477641079,5639.445205
165,165,12.5,0.25,0.25,0.38,0.5,94.6,16.0,0.542133036,6281.91711
188,188,12.5,0.25,0.25,0.38,0.63,77.4,1.0,0.61854944,8175.456195
338,338,12.5,0.25,0.25,0.75,0.63,69.7,34.0,0.460960916,5305.743635
475,475,25.0,0.5,0.25,0.38,0.63,94.6,16.0,0.47973321,5636.308737
34,34,25.0,0.25,0.25,0.25,0.25,77.4,1.0,0.502621602,5831.7066
662,662,25.0,0.5,0.38,0.38,0.5,77.4,34.0,0.504169517,5794.891846
513,513,25.0,0.5,0.25,0.5,0.5,77.4,16.0,0.497274998,5964.791108
773,773,40.0,0.537,0.117,0.409,0.058,86.0,3.77,0.342841074,3373.436842
548,548,25.0,0.5,0.25,0.5,0.75,69.7,1.0,0.461465413,6058.648764
482,482,25.0,0.5,0.25,0.38,0.63,77.4,1.0,0.536899811,6747.597792
645,645,25.0,0.5,0.25,0.75,0.75,77.4,24.0,0.490016595,5830.89362
155,155,12.5,0.25,0.25,0.38,0.38,77.4,16.0,0.572725923,7024.748359
406,406,12.5,0.25,0.38,0.5,0.5,94.6,1.0,0.619887727,8104.934974
364,364,12.5,0.25,0.38,0.38,0.5,77.4,1.0,0.635315515,8652.043342
363,363,12.5,0.25,0.38,0.38,0.5,77.4,16.0,0.610329712,7920.061748
327,327,12.5,0.25,0.25,0.75,0.63,86.0,24.0,0.555210358,6554.976861
243,243,12.5,0.25,0.25,0.5,0.75,86.0,16.0,0.608930974,7761.15796
200,200,12.5,0.25,0.25,0.38,0.75,86.0,34.0,0.490320807,5601.205307
66,66,12.5,0.25,0.25,0.25,0.25,69.7,34.0,0.406644523,4247.508926
647,647,25.0,0.5,0.25,0.75,0.75,69.7,24.0,0.452690306,5495.365345
344,344,12.5,0.25,0.25,0.75,0.75,86.0,34.0,0.500189951,5729.569636
386,386,12.5,0.25,0.38,0.38,0.63,69.7,34.0,0.506987743,6060.283822
12,12,37.5,0.25,0.25,0.25,0.25,86.0,1.0,0.437374738,4768.594369
161,161,12.5,0.25,0.25,0.38,0.38,69.7,24.0,0.481472551,5741.210297
517,517,25.0,0.5,0.25,0.5,0.5,77.4,24.0,0.466297848,5299.661325
293,293,12.5,0.25,0.25,0.63,0.75,94.6,16.0,0.595065655,7529.175053
518,518,25.0,0.5,0.25,0.5,0.5,77.4,34.0,0.449877074,4968.601171
571,571,25.0,0.5,0.25,0.63,0.63,94.6,16.0,0.479965751,5514.667479
534,534,25.0,0.5,0.25,0.5,0.63,77.4,34.0,0.473458531,5439.421503
573,573,25.0,0.5,0.25,0.63,0.63,86.0,24.0,0.454725217,5046.457343
334,334,12.5,0.25,0.25,0.75,0.63,69.7,1.0,0.527742687,6869.777604
644,644,25.0,0.5,0.25,0.75,0.75,69.7,1.0,0.478000734,6260.473628
229,229,12.5,0.25,0.25,0.5,0.63,94.6,16.0,0.579179402,7163.9441
569,569,25.0,0.5,0.25,0.63,0.63,86.0,16.0,0.509782413,6202.327017
416,416,12.5,0.25,0.38,0.5,0.5,77.4,34.0,0.583077181,7150.9817
477,477,25.0,0.5,0.25,0.38,0.63,86.0,24.0,0.45682495,4966.779453
749,749,25.0,0.5,0.38,0.63,0.5,86.0,24.0,0.485336051,5605.221001
597,597,25.0,0.5,0.25,0.63,0.75,77.4,24.0,0.4965362,6135.699979
689,689,25.0,0.5,0.38,0.38,0.75,77.4,16.0,0.548367299,6958.174787
15,15,37.5,0.25,0.25,0.25,0.25,86.0,24.0,0.350136522,3387.785165
245,245,12.5,0.25,0.25,0.5,0.75,94.6,16.0,0.595052932,7483.736315
634,634,25.0,0.5,0.25,0.75,0.75,86.0,1.0,0.539252868,6994.248011
6,6,37.5,0.75,0.25,0.25,0.25,94.6,24.0,0.284442614,2625.269164
524,524,25.0,0.5,0.25,0.5,0.63,94.6,1.0,0.488047919,5637.984297
345,345,12.5,0.25,0.25,0.75,0.75,94.6,24.0,0.488014406,5675.721494
104,104,12.5,0.25,0.25,0.25,0.63,86.0,34.0,0.467569149,5150.942889
460,460,25.0,0.5,0.25,0.38,0.5,94.6,1.0,0.477832221,5524.145415
408,408,12.5,0.25,0.38,0.5,0.5,86.0,34.0,0.501777434,5735.133035
454,454,12.5,0.25,0.38,0.63,0.5,94.6,1.0,0.617635584,8086.388809
90,90,12.5,0.25,0.25,0.25,0.5,94.6,34.0,0.369603345,3708.205024
487,487,25.0,0.5,0.25,0.38,0.63,69.7,24.0,0.442693354,5016.741592
407,407,12.5,0.25,0.38,0.5,0.5,86.0,24.0,0.576602444,7064.169775
333,333,12.5,0.25,0.25,0.75,0.63,69.7,16.0,0.529163709,6749.518191
218,218,12.5,0.25,0.25,0.5,0.5,94.6,34.0,0.385021951,3804.610168
572,572,25.0,0.5,0.25,0.63,0.63,94.6,1.0,0.509001253,6079.085257
434,434,12.5,0.25,0.38,0.5,0.63,69.7,34.0,0.489083314,5882.965617
205,205,12.5,0.25,0.25,0.38,0.75,69.7,16.0,0.535894701,6846.006857
570,570,25.0,0.5,0.25,0.63,0.63,86.0,1.0,0.523276949,6306.550622
190,190,12.5,0.25,0.25,0.38,0.63,69.7,1.0,0.538593399,7013.002812
504,504,25.0,0.5,0.25,0.38,0.75,69.7,34.0,0.402838656,4460.914573
532,532,25.0,0.5,0.25,0.5,0.63,69.7,1.0,0.475118209,5722.576764
194,194,12.5,0.25,0.25,0.38,0.63,69.7,34.0,0.465804378,5200.578495
494,494,25.0,0.5,0.25,0.38,0.75,86.0,34.0,0.386657299,4200.973747
132,132,12.5,0.25,0.25,0.38,0.25,86.0,1.0,0.561190143,6752.177036
233,233,12.5,0.25,0.25,0.5,0.63,94.6,24.0,0.463097152,5323.300337
173,173,12.5,0.25,0.25,0.38,0.5,69.7,16.0,0.526681768,6574.182468
178,178,12.5,0.25,0.25,0.38,0.5,69.7,34.0,0.444908279,4888.503031
750,750,25.0,0.5,0.38,0.63,0.5,86.0,34.0,0.423038771,4710.858646
586,586,25.0,0.5,0.25,0.63,0.75,86.0,1.0,0.542163836,7004.015537
206,206,12.5,0.25,0.25,0.38,0.75,69.7,1.0,0.544644313,7028.673498
687,687,25.0,0.5,0.38,0.38,0.75,94.6,24.0,0.437424398,4913.222919
96,96,12.5,0.25,0.25,0.25,0.5,77.4,34.0,0.530709113,6093.315271
666,666,25.0,0.5,0.38,0.38,0.63,86.0,1.0,0.564904359,6998.378752
337,337,12.5,0.25,0.25,0.75,0.63,69.7,24.0,0.514537018,6335.296388
447,447,12.5,0.25,0.38,0.5,0.75,77.4,24.0,0.611397858,7800.501276
89,89,12.5,0.25,0.25,0.25,0.5,94.6,24.0,0.427005551,4590.823341
413,413,12.5,0.25,0.38,0.5,0.5,69.7,16.0,0.56383312,7434.34904
179,179,12.5,0.25,0.25,0.38,0.63,86.0,16.0,0.599023157,7556.109909
0,0,37.5,0.75,0.25,0.25,0.25,86.0,16.0,0.410652063,3813.165795
46,46,25.0,0.25,0.25,0.25,0.38,94.6,24.0,0.335529768,3385.148001
171,171,12.5,0.25,0.25,0.38,0.5,77.4,16.0,0.577983425,7235.775645
618,618,25.0,0.5,0.25,0.75,0.63,86.0,1.0,0.51425307,6254.655109
615,615,25.0,0.5,0.25,0.75,0.5,69.7,24.0,0.41985138,4867.94772
107,107,12.5,0.25,0.25,0.25,0.63,77.4,16.0,0.595948108,7502.24389
133,133,12.5,0.25,0.25,0.38,0.25,94.6,16.0,0.500437501,5643.360448
457,457,25.0,0.5,0.25,0.38,0.5,86.0,16.0,0.495479339,5946.052257
223,223,12.5,0.25,0.25,0.5,0.5,77.4,24.0,0.5561803,6638.656487
463,463,25.0,0.5,0.25,0.38,0.5,94.6,24.0,0.353235517,3626.366534
102,102,12.5,0.25,0.25,0.25,0.63,94.6,1.0,0.590337413,7301.106216
108,108,12.5,0.25,0.25,0.25,0.63,77.4,1.0,0.622622866,8174.463377
213,213,12.5,0.25,0.25,0.5,0.5,94.6,16.0,0.570329618,7161.961901
499,499,25.0,0.5,0.25,0.38,0.75,69.7,16.0,0.463039338,5462.133945
704,704,25.0,0.5,0.38,0.5,0.5,94.6,34.0,0.37680364,3748.465467
246,246,12.5,0.25,0.25,0.5,0.75,94.6,1.0,0.612478041,7888.414929
690,690,25.0,0.5,0.38,0.38,0.75,77.4,1.0,0.576561833,7804.627951
473,473,25.0,0.5,0.25,0.38,0.63,86.0,16.0,0.496636394,5920.487176
125,125,12.5,0.25,0.25,0.25,0.75,69.7,16.0,0.546174929,6922.846792
462,462,25.0,0.5,0.25,0.38,0.5,86.0,34.0,0.371183688,3834.574804
556,556,25.0,0.5,0.25,0.63,0.5,94.6,1.0,0.498952193,6132.417383
418,418,12.5,0.25,0.38,0.5,0.5,69.7,34.0,0.488485703,6024.945992
628,628,25.0,0.5,0.25,0.75,0.63,69.7,1.0,0.470593127,5931.752803
224,224,12.5,0.25,0.25,0.5,0.5,77.4,34.0,0.541142146,6361.489513
26,26,25.0,0.25,0.25,0.25,0.25,86.0,1.0,0.462013355,5126.993178
365,365,12.5,0.25,0.38,0.38,0.5,69.7,16.0,0.563746659,7222.004621
471,471,25.0,0.5,0.25,0.38,0.5,69.7,24.0,0.432419853,4952.013044
737,737,25.0,0.5,0.38,0.5,0.75,77.4,16.0,0.546259537,6919.34518
350,350,12.5,0.25,0.25,0.75,0.75,69.7,1.0,0.523070143,6620.098774
3,3,37.5,0.75,0.25,0.25,0.25,94.6,1.0,0.407564155,4303.94303
134,134,12.5,0.25,0.25,0.38,0.25,94.6,1.0,0.533883971,6277.168674
325,325,12.5,0.25,0.25,0.75,0.63,94.6,16.0,0.587319779,7369.685585
366,366,12.5,0.25,0.38,0.38,0.5,69.7,1.0,0.553185654,7290.10652
186,186,12.5,0.25,0.25,0.38,0.63,94.6,34.0,0.402052391,4179.185917
502,502,25.0,0.5,0.25,0.38,0.75,77.4,34.0,0.483671436,5381.272664
295,295,12.5,0.25,0.25,0.63,0.75,86.0,24.0,0.566645314,6901.658937
650,650,25.0,0.5,0.38,0.38,0.5,86.0,1.0,0.551264467,6821.808099
435,435,12.5,0.25,0.38,0.5,0.75,86.0,16.0,0.633144179,8318.798885
706,706,25.0,0.5,0.38,0.5,0.5,77.4,1.0,0.566355374,7565.211237
698,698,25.0,0.5,0.38,0.5,0.5,86.0,1.0,0.558537787,7117.950381
225,225,12.5,0.25,0.25,0.5,0.5,69.7,24.0,0.520592483,6320.238926
636,636,25.0,0.5,0.25,0.75,0.75,94.6,1.0,0.52380127,6515.261449
330,330,12.5,0.25,0.25,0.75,0.63,94.6,34.0,0.429210588,4580.392997
432,432,12.5,0.25,0.38,0.5,0.63,77.4,34.0,0.598281018,7557.46014
332,332,12.5,0.25,0.25,0.75,0.63,77.4,1.0,0.58492102,7479.93417
374,374,12.5,0.25,0.38,0.38,0.63,94.6,1.0,0.627857666,8211.0795
596,596,25.0,0.5,0.25,0.63,0.75,69.7,1.0,0.452394363,5732.24032
527,527,25.0,0.5,0.25,0.5,0.63,94.6,24.0,0.378833119,4278.763209
740,740,25.0,0.5,0.38,0.5,0.75,69.7,1.0,0.498696418,6189.779795
680,680,25.0,0.5,0.38,0.38,0.63,69.7,34.0,0.430443779,4737.639245
522,522,25.0,0.5,0.25,0.5,0.63,86.0,1.0,0.477940817,6015.224564
495,495,25.0,0.5,0.25,0.38,0.75,94.6,24.0,0.394441163,4178.772056
360,360,12.5,0.25,0.38,0.38,0.5,86.0,34.0,0.494906594,5527.425034
397,397,12.5,0.25,0.38,0.38,0.75,69.7,16.0,0.576589776,7667.83619
583,583,25.0,0.5,0.25,0.63,0.63,69.7,24.0,0.439101795,5178.270314
112,112,12.5,0.25,0.25,0.25,0.63,77.4,34.0,0.548724554,6400.022213
467,467,25.0,0.5,0.25,0.38,0.5,69.7,16.0,0.455340281,5403.69852
682,682,25.0,0.5,0.38,0.38,0.75,86.0,1.0,0.571708025,7628.6476
20,20,37.5,0.25,0.25,0.25,0.25,77.4,1.0,0.454737417,4830.959809
65,65,12.5,0.25,0.25,0.25,0.25,69.7,24.0,0.482908968,5482.081299
298,298,12.5,0.25,0.25,0.63,0.75,94.6,34.0,0.442869304,4740.015047
126,126,12.5,0.25,0.25,0.25,0.75,69.7,1.0,0.549794912,7215.409709
259,259,12.5,0.25,0.25,0.63,0.5,86.0,16.0,0.575237945,7207.420303
576,576,25.0,0.5,0.25,0.63,0.63,94.6,34.0,0.343963231,3502.082918
402,402,12.5,0.25,0.38,0.38,0.75,69.7,34.0,0.500557995,6033.778564
339,339,12.5,0.25,0.25,0.75,0.75,86.0,16.0,0.612633396,7914.171177
651,651,25.0,0.5,0.38,0.38,0.5,94.6,16.0,0.52332906,6328.893321
137,137,12.5,0.25,0.25,0.38,0.25,94.6,24.0,0.387351145,4016.361596
511,511,25.0,0.5,0.25,0.5,0.5,94.6,24.0,0.363981224,3937.915393
7,7,37.5,0.75,0.25,0.25,0.25,94.6,34.0,0.246568004,2379.905214
342,342,12.5,0.25,0.25,0.75,0.75,94.6,1.0,0.610860604,7861.465383
711,711,25.0,0.5,0.38,0.5,0.5,69.7,24.0,0.479826829,5739.680287
309,309,12.5,0.25,0.25,0.75,0.5,94.6,16.0,0.56581933,6806.492688
646,646,25.0,0.5,0.25,0.75,0.75,77.4,34.0,0.485548321,5531.351743
538,538,25.0,0.5,0.25,0.5,0.75,86.0,1.0,0.532303678,6520.897596
185,185,12.5,0.25,0.25,0.38,0.63,94.6,24.0,0.463537294,5199.534037
529,529,25.0,0.5,0.25,0.5,0.63,77.4,16.0,0.50476135,6237.206052
353,353,12.5,0.25,0.25,0.75,0.75,69.7,24.0,0.528886613,6608.90751
631,631,25.0,0.5,0.25,0.75,0.63,69.7,24.0,0.466109593,5932.239093
153,153,12.5,0.25,0.25,0.38,0.38,94.6,24.0,0.401490054,4228.818878
54,54,12.5,0.25,0.25,0.25,0.25,94.6,1.0,0.518776342,6010.760082
30,30,25.0,0.25,0.25,0.25,0.25,86.0,34.0,0.320417393,2988.05944
710,710,25.0,0.5,0.38,0.5,0.5,77.4,34.0,0.493693466,5597.022161
691,691,25.0,0.5,0.38,0.38,0.75,69.7,16.0,0.499125312,6493.258285
100,100,12.5,0.25,0.25,0.25,0.63,86.0,1.0,0.626280739,8263.289742
452,452,12.5,0.25,0.38,0.63,0.5,86.0,1.0,0.63346314,8570.913533
640,640,25.0,0.5,0.25,0.75,0.75,94.6,34.0,0.362183686,3680.560247
733,733,25.0,0.5,0.38,0.5,0.75,86.0,24.0,0.512307598,6097.442847
237,237,12.5,0.25,0.25,0.5,0.63,69.7,16.0,0.534126224,6731.712208
674,674,25.0,0.5,0.38,0.38,0.63,77.4,1.0,0.568853507,7536.096872
56,56,12.5,0.25,0.25,0.25,0.25,86.0,34.0,0.391598449,3968.330182
400,400,12.5,0.25,0.38,0.38,0.75,77.4,34.0,0.606612254,7778.349159
60,60,12.5,0.25,0.25,0.25,0.25,77.4,1.0,0.57967664,7041.380179
688,688,25.0,0.5,0.38,0.38,0.75,94.6,34.0,0.390063566,4010.552148
262,262,12.5,0.25,0.25,0.63,0.5,94.6,1.0,0.586303901,7570.608619
731,731,25.0,0.5,0.38,0.5,0.75,94.6,16.0,0.53434503,6347.560759
264,264,12.5,0.25,0.25,0.63,0.5,86.0,34.0,0.464260194,5124.854901
721,721,25.0,0.5,0.38,0.5,0.63,77.4,16.0,0.550864261,6909.429998
468,468,25.0,0.5,0.25,0.38,0.5,69.7,1.0,0.458530485,5498.460221
208,208,12.5,0.25,0.25,0.38,0.75,77.4,34.0,0.574708327,7048.870716
391,391,12.5,0.25,0.38,0.38,0.75,86.0,24.0,0.601357636,7576.39253
485,485,25.0,0.5,0.25,0.38,0.63,77.4,24.0,0.48180056,5715.008404
622,622,25.0,0.5,0.25,0.75,0.63,86.0,34.0,0.39936701,4320.874157
167,167,12.5,0.25,0.25,0.38,0.5,86.0,24.0,0.521523421,6098.113172
38,38,25.0,0.25,0.25,0.25,0.25,77.4,34.0,0.393394771,3822.981667
748,748,25.0,0.5,0.38,0.63,0.5,94.6,1.0,0.543722877,6687.259259
669,669,25.0,0.5,0.38,0.38,0.63,86.0,24.0,0.498058212,5946.158422
635,635,25.0,0.5,0.25,0.75,0.75,94.6,16.0,0.492809568,5649.03716
300,300,12.5,0.25,0.25,0.63,0.75,77.4,1.0,0.603544257,7878.817681
516,516,25.0,0.5,0.25,0.5,0.5,69.7,1.0,0.460126356,5575.394471
505,505,25.0,0.5,0.25,0.5,0.5,86.0,16.0,0.502106031,6102.762823
744,744,25.0,0.5,0.38,0.5,0.75,69.7,34.0,0.449875425,5330.631336
163,163,12.5,0.25,0.25,0.38,0.5,86.0,16.0,0.582848693,7198.422854
124,124,12.5,0.25,0.25,0.25,0.75,77.4,1.0,0.635017998,8621.81568
154,154,12.5,0.25,0.25,0.38,0.38,94.6,34.0,0.356664626,3494.942958
336,336,12.5,0.25,0.25,0.75,0.63,77.4,34.0,0.565976484,6852.979712
59,59,12.5,0.25,0.25,0.25,0.25,77.4,16.0,0.538125922,6125.695384
503,503,25.0,0.5,0.25,0.38,0.75,69.7,24.0,0.455795758,5395.33158
304,304,12.5,0.25,0.25,0.63,0.75,77.4,34.0,0.582482579,7234.255248
725,725,25.0,0.5,0.38,0.5,0.63,77.4,24.0,0.526501878,6591.781181
608,608,25.0,0.5,0.25,0.75,0.5,94.6,34.0,0.334220017,3501.179921
343,343,12.5,0.25,0.25,0.75,0.75,86.0,24.0,0.566350244,6799.729175
449,449,12.5,0.25,0.38,0.5,0.75,69.7,24.0,0.571610169,7381.379396
496,496,25.0,0.5,0.25,0.38,0.75,94.6,34.0,0.340063353,3519.431306
311,311,12.5,0.25,0.25,0.75,0.5,86.0,24.0,0.544066693,6514.638993
427,427,12.5,0.25,0.38,0.5,0.63,77.4,16.0,0.622419314,8157.236939
484,484,25.0,0.5,0.25,0.38,0.63,69.7,1.0,0.46082121,5628.882801
158,158,12.5,0.25,0.25,0.38,0.38,69.7,1.0,0.532426131,6746.454602
51,51,12.5,0.25,0.25,0.25,0.25,86.0,16.0,0.521950271,5996.078548
557,557,25.0,0.5,0.25,0.63,0.5,86.0,24.0,0.442626748,5042.640339
693,693,25.0,0.5,0.38,0.38,0.75,77.4,24.0,0.524563481,6327.008075
523,523,25.0,0.5,0.25,0.5,0.63,94.6,16.0,0.49154744,5912.433762
361,361,12.5,0.25,0.38,0.38,0.5,94.6,24.0,0.4745752,5296.611091
465,465,25.0,0.5,0.25,0.38,0.5,77.4,16.0,0.498261098,6037.686131
638,638,25.0,0.5,0.25,0.75,0.75,86.0,34.0,0.421629852,4584.453554
219,219,12.5,0.25,0.25,0.5,0.5,77.4,16.0,0.575902218,7159.336664
520,520,25.0,0.5,0.25,0.5,0.5,69.7,34.0,0.370946044,3895.62684
308,308,12.5,0.25,0.25,0.75,0.5,86.0,1.0,0.603545036,7738.881709
74,74,12.5,0.25,0.25,0.25,0.38,94.6,34.0,0.349908358,3496.352359
282,282,12.5,0.25,0.25,0.63,0.63,94.6,34.0,0.424574228,4568.672172
568,568,25.0,0.5,0.25,0.63,0.5,69.7,34.0,0.38895631,4282.700632
348,348,12.5,0.25,0.25,0.75,0.75,77.4,1.0,0.596036127,7706.881369
605,605,25.0,0.5,0.25,0.75,0.5,86.0,24.0,0.454381334,5236.03334
4,4,37.5,0.75,0.25,0.25,0.25,86.0,24.0,0.354413049,3436.493543
624,624,25.0,0.5,0.25,0.75,0.63,94.6,34.0,0.354086468,3712.997856
437,437,12.5,0.25,0.38,0.5,0.75,94.6,16.0,0.627442488,8254.126537
623,623,25.0,0.5,0.25,0.75,0.63,94.6,24.0,0.407072571,4587.385566
497,497,25.0,0.5,0.25,0.38,0.75,77.4,16.0,0.50706065,6239.533493
683,683,25.0,0.5,0.38,0.38,0.75,94.6,16.0,0.531583632,6465.372048
5,5,37.5,0.75,0.25,0.25,0.25,86.0,34.0,0.309669459,2825.003738
141,141,12.5,0.25,0.25,0.38,0.25,69.7,16.0,0.505619046,5914.16491
759,759,20.0,0.0,0.117,0.409,0.058,86.0,3.77,0.380852104,3923.906282
456,456,12.5,0.25,0.38,0.63,0.5,86.0,34.0,0.500058984,5566.52275
135,135,12.5,0.25,0.25,0.38,0.25,86.0,24.0,0.46751899,5085.844733
521,521,25.0,0.5,0.25,0.5,0.63,86.0,16.0,0.498729997,5767.178357
378,378,12.5,0.25,0.38,0.38,0.63,94.6,34.0,0.456503309,5061.72061
694,694,25.0,0.5,0.38,0.38,0.75,77.4,34.0,0.51175153,5919.430755
22,22,37.5,0.25,0.25,0.25,0.25,69.7,1.0,0.389452628,4051.551293
701,701,25.0,0.5,0.38,0.5,0.5,86.0,24.0,0.489635345,5645.146626
466,466,25.0,0.5,0.25,0.38,0.5,77.4,1.0,0.530916639,6595.901577
276,276,12.5,0.25,0.25,0.63,0.63,86.0,1.0,0.611993912,8013.626308
284,284,12.5,0.25,0.25,0.63,0.63,77.4,1.0,0.59248944,7588.360961
540,540,25.0,0.5,0.25,0.5,0.75,94.6,1.0,0.504435443,6072.83443
270,270,12.5,0.25,0.25,0.63,0.5,69.7,1.0,0.529511192,6830.966046
426,426,12.5,0.25,0.38,0.5,0.63,94.6,34.0,0.459356717,4936.105576
741,741,25.0,0.5,0.38,0.5,0.75,77.4,24.0,0.528899809,6515.305873
281,281,12.5,0.25,0.25,0.63,0.63,94.6,24.0,0.473142233,5446.697471
420,420,12.5,0.25,0.38,0.5,0.63,86.0,1.0,0.645475445,8823.690108
220,220,12.5,0.25,0.25,0.5,0.5,77.4,1.0,0.608344644,7933.302352
702,702,25.0,0.5,0.38,0.5,0.5,86.0,34.0,0.422547698,4493.644089
320,320,12.5,0.25,0.25,0.75,0.5,77.4,34.0,0.555726691,6645.569975
439,439,12.5,0.25,0.38,0.5,0.75,86.0,24.0,0.589622441,7340.460767
372,372,12.5,0.25,0.38,0.38,0.63,86.0,1.0,0.645640994,8671.716806
120,120,12.5,0.25,0.25,0.25,0.75,86.0,34.0,0.474162324,5217.139763
81,81,12.5,0.25,0.25,0.25,0.38,69.7,24.0,0.492076861,5647.712261
760,760,20.0,0.0,0.202,0.707,0.101,86.0,3.77,0.492759727,5718.408168
13,13,37.5,0.25,0.25,0.25,0.25,94.6,16.0,0.364880783,3720.711588
491,491,25.0,0.5,0.25,0.38,0.75,94.6,16.0,0.483805569,5632.459174
455,455,12.5,0.25,0.38,0.63,0.5,86.0,24.0,0.575785764,7101.757831
751,751,25.0,0.5,0.38,0.63,0.5,94.6,24.0,0.410253857,4418.44126
743,743,25.0,0.5,0.38,0.5,0.75,69.7,24.0,0.489723491,5945.89951
160,160,12.5,0.25,0.25,0.38,0.38,77.4,34.0,0.517169415,5817.185275
756,756,25.0,0.5,0.38,0.63,0.5,69.7,1.0,0.502842336,6374.444297
238,238,12.5,0.25,0.25,0.5,0.63,69.7,1.0,0.527399614,6677.624427
379,379,12.5,0.25,0.38,0.38,0.63,77.4,16.0,0.612974151,7829.472937
519,519,25.0,0.5,0.25,0.5,0.5,69.7,24.0,0.429000524,4936.01177
545,545,25.0,0.5,0.25,0.5,0.75,77.4,16.0,0.518626455,6370.898867
440,440,12.5,0.25,0.38,0.5,0.75,86.0,34.0,0.529070993,6146.831516
766,766,20.0,0.0,0.042,0.147,0.021,86.0,3.77,0.192731658,1637.704022
578,578,25.0,0.5,0.25,0.63,0.63,77.4,1.0,0.5143032,6157.054843
195,195,12.5,0.25,0.25,0.38,0.75,86.0,16.0,0.607679197,7715.810883
191,191,12.5,0.25,0.25,0.38,0.63,77.4,24.0,0.568062152,6836.600814
116,116,12.5,0.25,0.25,0.25,0.75,86.0,1.0,0.629606256,8247.521164
603,603,25.0,0.5,0.25,0.75,0.5,94.6,16.0,0.476911433,5498.438442
699,699,25.0,0.5,0.38,0.5,0.5,94.6,16.0,0.520756415,6274.934837
164,164,12.5,0.25,0.25,0.38,0.5,86.0,1.0,0.605677437,7765.256323
106,106,12.5,0.25,0.25,0.25,0.63,94.6,34.0,0.397278517,4068.350665
16,16,37.5,0.25,0.25,0.25,0.25,86.0,34.0,0.288159094,2688.028831
63,63,12.5,0.25,0.25,0.25,0.25,77.4,24.0,0.496176505,5556.372277
470,470,25.0,0.5,0.25,0.38,0.5,77.4,34.0,0.440365017,4694.608192
384,384,12.5,0.25,0.38,0.38,0.63,77.4,34.0,0.596551315,7521.714355
717,717,25.0,0.5,0.38,0.5,0.63,86.0,24.0,0.502979625,5755.700162
105,105,12.5,0.25,0.25,0.25,0.63,94.6,24.0,0.44371199,4853.807603
549,549,25.0,0.5,0.25,0.5,0.75,77.4,24.0,0.492545864,5503.095831
329,329,12.5,0.25,0.25,0.75,0.63,94.6,24.0,0.476054066,5399.861131
480,480,25.0,0.5,0.25,0.38,0.63,94.6,34.0,0.325920891,3276.362058
498,498,25.0,0.5,0.25,0.38,0.75,77.4,1.0,0.541564813,7071.615319
753,753,25.0,0.5,0.38,0.63,0.5,77.4,16.0,0.538604193,6663.000678
405,405,12.5,0.25,0.38,0.5,0.5,94.6,16.0,0.603524723,7455.416383
577,577,25.0,0.5,0.25,0.63,0.63,77.4,16.0,0.498218761,6107.382466
93,93,12.5,0.25,0.25,0.25,0.5,69.7,16.0,0.52950023,6394.077909
433,433,12.5,0.25,0.38,0.5,0.63,69.7,24.0,0.538703555,6772.933474
83,83,12.5,0.25,0.25,0.25,0.5,86.0,16.0,0.575589557,6986.809961
656,656,25.0,0.5,0.38,0.38,0.5,94.6,34.0,0.358261487,3396.729889
601,601,25.0,0.5,0.25,0.75,0.5,86.0,16.0,0.490242145,5772.910164
414,414,12.5,0.25,0.38,0.5,0.5,69.7,1.0,0.559324725,7357.358903
566,566,25.0,0.5,0.25,0.63,0.5,77.4,34.0,0.447115975,4899.118995
564,564,25.0,0.5,0.25,0.63,0.5,69.7,1.0,0.451291733,5781.859649
708,708,25.0,0.5,0.38,0.5,0.5,69.7,1.0,0.500207249,6543.971817
322,322,12.5,0.25,0.25,0.75,0.5,69.7,34.0,0.453234697,5345.991061
357,357,12.5,0.25,0.38,0.38,0.5,94.6,16.0,0.595306377,7406.902484
69,69,12.5,0.25,0.25,0.25,0.38,94.6,16.0,0.512802719,5746.777027
514,514,25.0,0.5,0.25,0.5,0.5,77.4,1.0,0.527189908,6526.988187
509,509,25.0,0.5,0.25,0.5,0.5,86.0,24.0,0.447040787,4930.619033
340,340,12.5,0.25,0.25,0.75,0.75,86.0,1.0,0.620391949,8254.05731
221,221,12.5,0.25,0.25,0.5,0.5,69.7,16.0,0.535863236,6539.11085
722,722,25.0,0.5,0.38,0.5,0.63,77.4,1.0,0.551234401,6842.760562
146,146,12.5,0.25,0.25,0.38,0.25,69.7,34.0,0.4096968,4340.82151
289,289,12.5,0.25,0.25,0.63,0.63,69.7,24.0,0.511750776,6461.670875
29,29,25.0,0.25,0.25,0.25,0.25,86.0,24.0,0.376670148,3662.183125
114,114,12.5,0.25,0.25,0.25,0.63,69.7,34.0,0.448841436,5063.851086
508,508,25.0,0.5,0.25,0.5,0.5,94.6,1.0,0.492814967,5773.008415
626,626,25.0,0.5,0.25,0.75,0.63,77.4,1.0,0.532482559,6752.016952
752,752,25.0,0.5,0.38,0.63,0.5,94.6,34.0,0.363726236,3631.905444
176,176,12.5,0.25,0.25,0.38,0.5,77.4,34.0,0.540082008,6331.867217
168,168,12.5,0.25,0.25,0.38,0.5,86.0,34.0,0.447668818,4850.037463
347,347,12.5,0.25,0.25,0.75,0.75,77.4,16.0,0.58337988,7443.624456
376,376,12.5,0.25,0.38,0.38,0.63,86.0,34.0,0.509989204,5747.56017
588,588,25.0,0.5,0.25,0.63,0.75,94.6,1.0,0.519208599,6493.472526
678,678,25.0,0.5,0.38,0.38,0.63,77.4,34.0,0.515012624,5966.711278
663,663,25.0,0.5,0.38,0.38,0.5,69.7,24.0,0.470881648,5569.139254
665,665,25.0,0.5,0.38,0.38,0.63,86.0,16.0,0.542831206,6575.592668
189,189,12.5,0.25,0.25,0.38,0.63,69.7,16.0,0.543966758,6836.397281
136,136,12.5,0.25,0.25,0.38,0.25,86.0,34.0,0.399193166,4079.912436
446,446,12.5,0.25,0.38,0.5,0.75,69.7,1.0,0.553671368,7457.506063
653,653,25.0,0.5,0.38,0.38,0.5,86.0,24.0,0.482854142,5428.106015
254,254,12.5,0.25,0.25,0.5,0.75,69.7,1.0,0.546275069,7136.984453
685,685,25.0,0.5,0.38,0.38,0.75,86.0,24.0,0.511522719,6020.87569
290,290,12.5,0.25,0.25,0.63,0.63,69.7,34.0,0.465199368,5313.378277
730,730,25.0,0.5,0.38,0.5,0.75,86.0,1.0,0.565324698,7423.469876
658,658,25.0,0.5,0.38,0.38,0.5,77.4,1.0,0.559215109,7085.063077
232,232,12.5,0.25,0.25,0.5,0.63,86.0,34.0,0.480963646,5291.89688
33,33,25.0,0.25,0.25,0.25,0.25,77.4,16.0,0.447780771,4898.835857
88,88,12.5,0.25,0.25,0.25,0.5,86.0,34.0,0.435969213,4684.893205
44,44,25.0,0.25,0.25,0.25,0.38,86.0,24.0,0.391964935,4045.479657
341,341,12.5,0.25,0.25,0.75,0.75,94.6,16.0,0.601161249,7558.005885
61,61,12.5,0.25,0.25,0.25,0.25,69.7,16.0,0.498793068,5876.960007
742,742,25.0,0.5,0.38,0.5,0.75,77.4,34.0,0.513772901,5862.805454
199,199,12.5,0.25,0.25,0.38,0.75,86.0,24.0,0.556301788,6717.446272
429,429,12.5,0.25,0.38,0.5,0.63,69.7,16.0,0.564794821,7241.370531
580,580,25.0,0.5,0.25,0.63,0.63,69.7,1.0,0.464824509,5741.314175
394,394,12.5,0.25,0.38,0.38,0.75,94.6,34.0,0.468305902,5199.792105
297,297,12.5,0.25,0.25,0.63,0.75,94.6,24.0,0.49739138,5711.85174
73,73,12.5,0.25,0.25,0.25,0.38,94.6,24.0,0.399362246,4177.015203
393,393,12.5,0.25,0.38,0.38,0.75,94.6,24.0,0.508991582,6071.228897
547,547,25.0,0.5,0.25,0.5,0.75,69.7,16.0,0.469150447,5892.160998
541,541,25.0,0.5,0.25,0.5,0.75,86.0,24.0,0.460205797,5128.163506
664,664,25.0,0.5,0.38,0.38,0.5,69.7,34.0,0.434666745,4858.240729
648,648,25.0,0.5,0.25,0.75,0.75,69.7,34.0,0.41545835,4865.399969
654,654,25.0,0.5,0.38,0.38,0.5,86.0,34.0,0.421448998,4558.980717
217,217,12.5,0.25,0.25,0.5,0.5,94.6,24.0,0.437609121,4700.576149
539,539,25.0,0.5,0.25,0.5,0.75,94.6,16.0,0.496598201,5970.681858
643,643,25.0,0.5,0.25,0.75,0.75,69.7,16.0,0.464972316,6013.407593
421,421,12.5,0.25,0.38,0.5,0.63,94.6,16.0,0.614291616,7998.350591
138,138,12.5,0.25,0.25,0.38,0.25,94.6,34.0,0.33163021,3049.397713
212,212,12.5,0.25,0.25,0.5,0.5,86.0,1.0,0.610321439,7793.442058
655,655,25.0,0.5,0.38,0.38,0.5,94.6,24.0,0.391627198,4062.739528
652,652,25.0,0.5,0.38,0.38,0.5,94.6,1.0,0.53513718,6528.79888
673,673,25.0,0.5,0.38,0.38,0.63,77.4,16.0,0.542170237,6992.823141
712,712,25.0,0.5,0.38,0.5,0.5,69.7,34.0,0.42213693,4641.001514
234,234,12.5,0.25,0.25,0.5,0.63,94.6,34.0,0.404446048,4100.759169
67,67,12.5,0.25,0.25,0.25,0.38,86.0,16.0,0.552129108,6578.235221
24,24,37.5,0.25,0.25,0.25,0.25,77.4,34.0,0.346410766,3269.271761
381,381,12.5,0.25,0.38,0.38,0.63,69.7,16.0,0.57467888,7608.621822
216,216,12.5,0.25,0.25,0.5,0.5,86.0,34.0,0.451083154,4975.885376
129,129,12.5,0.25,0.25,0.25,0.75,69.7,24.0,0.529678291,6615.690061
349,349,12.5,0.25,0.25,0.75,0.75,69.7,16.0,0.528518697,6757.073662
111,111,12.5,0.25,0.25,0.25,0.63,77.4,24.0,0.555568429,6808.263611
166,166,12.5,0.25,0.25,0.38,0.5,94.6,1.0,0.565085745,6822.971627
207,207,12.5,0.25,0.25,0.38,0.75,77.4,24.0,0.586760249,7400.775379
438,438,12.5,0.25,0.38,0.5,0.75,94.6,1.0,0.640742728,8562.370774
552,552,25.0,0.5,0.25,0.5,0.75,69.7,34.0,0.398218446,4336.100956
274,274,12.5,0.25,0.25,0.63,0.5,69.7,34.0,0.464368945,5367.618255
695,695,25.0,0.5,0.38,0.38,0.75,69.7,24.0,0.48638367,6060.641491
591,591,25.0,0.5,0.25,0.63,0.75,94.6,24.0,0.400444088,4572.126366
619,619,25.0,0.5,0.25,0.75,0.63,94.6,16.0,0.488876344,5696.026057
525,525,25.0,0.5,0.25,0.5,0.63,86.0,24.0,0.463187081,5018.45303
287,287,12.5,0.25,0.25,0.63,0.63,77.4,24.0,0.569713565,6942.396304
469,469,25.0,0.5,0.25,0.38,0.5,77.4,24.0,0.462752296,5203.876814
326,326,12.5,0.25,0.25,0.75,0.63,94.6,1.0,0.599953146,7532.829529
121,121,12.5,0.25,0.25,0.25,0.75,94.6,24.0,0.449195313,4905.498714
507,507,25.0,0.5,0.25,0.5,0.5,94.6,16.0,0.467905283,5453.993821
228,228,12.5,0.25,0.25,0.5,0.63,86.0,1.0,0.619453149,8109.230504
595,595,25.0,0.5,0.25,0.63,0.75,69.7,16.0,0.462996546,5684.143505
445,445,12.5,0.25,0.38,0.5,0.75,69.7,16.0,0.566719686,7565.104163
117,117,12.5,0.25,0.25,0.25,0.75,94.6,16.0,0.58249065,7230.132504
464,464,25.0,0.5,0.25,0.38,0.5,94.6,34.0,0.308856187,2946.926015
25,25,25.0,0.25,0.25,0.25,0.25,86.0,16.0,0.433014308,4503.161856
110,110,12.5,0.25,0.25,0.25,0.63,69.7,1.0,0.541415007,6870.342118
149,149,12.5,0.25,0.25,0.38,0.38,94.6,16.0,0.524887803,5934.010884
152,152,12.5,0.25,0.25,0.38,0.38,86.0,34.0,0.435965493,4673.380523
528,528,25.0,0.5,0.25,0.5,0.63,94.6,34.0,0.340822336,3322.946202
621,621,25.0,0.5,0.25,0.75,0.63,86.0,24.0,0.460510431,5492.81699
461,461,25.0,0.5,0.25,0.38,0.5,86.0,24.0,0.432911682,4920.136635
598,598,25.0,0.5,0.25,0.63,0.75,77.4,34.0,0.479449351,5720.723161
139,139,12.5,0.25,0.25,0.38,0.25,77.4,16.0,0.543968929,6529.982317
260,260,12.5,0.25,0.25,0.63,0.5,86.0,1.0,0.601353783,7732.225218
323,323,12.5,0.25,0.25,0.75,0.63,86.0,16.0,0.592798225,7440.712007
739,739,25.0,0.5,0.38,0.5,0.75,69.7,16.0,0.498715892,6034.642135
248,248,12.5,0.25,0.25,0.5,0.75,86.0,34.0,0.506104448,5828.732121
450,450,12.5,0.25,0.38,0.5,0.75,69.7,34.0,0.504853246,5971.394016
410,410,12.5,0.25,0.38,0.5,0.5,94.6,34.0,0.424778393,4433.536966
607,607,25.0,0.5,0.25,0.75,0.5,94.6,24.0,0.386011221,4056.834271
19,19,37.5,0.25,0.25,0.25,0.25,77.4,16.0,0.426228043,4310.625398
328,328,12.5,0.25,0.25,0.75,0.63,86.0,34.0,0.494584864,5729.715055
296,296,12.5,0.25,0.25,0.63,0.75,86.0,34.0,0.506742719,5811.211473
269,269,12.5,0.25,0.25,0.63,0.5,69.7,16.0,0.527308548,6589.278977
226,226,12.5,0.25,0.25,0.5,0.5,69.7,34.0,0.439423956,4952.9856
94,94,12.5,0.25,0.25,0.25,0.5,69.7,1.0,0.54259037,7152.132587
515,515,25.0,0.5,0.25,0.5,0.5,69.7,16.0,0.459358436,5552.723871
637,637,25.0,0.5,0.25,0.75,0.75,86.0,24.0,0.469631675,5498.583951
280,280,12.5,0.25,0.25,0.63,0.63,86.0,34.0,0.483249032,5330.369306
286,286,12.5,0.25,0.25,0.63,0.63,69.7,1.0,0.538048419,6941.824131
589,589,25.0,0.5,0.25,0.63,0.75,86.0,24.0,0.476126065,5393.564335
768,768,20.0,0.0,0.0,0.585,0.0,86.0,3.77,0.249334678,2605.696759
444,444,12.5,0.25,0.38,0.5,0.75,77.4,1.0,0.631417034,8413.659665
184,184,12.5,0.25,0.25,0.38,0.63,86.0,34.0,0.469925759,5347.513929
371,371,12.5,0.25,0.38,0.38,0.63,86.0,16.0,0.626397463,8298.206974
679,679,25.0,0.5,0.38,0.38,0.63,69.7,24.0,0.478469338,5695.564416
755,755,25.0,0.5,0.38,0.63,0.5,69.7,16.0,0.494677622,6292.960756
275,275,12.5,0.25,0.25,0.63,0.63,86.0,16.0,0.600340952,7554.4683
726,726,25.0,0.5,0.38,0.5,0.63,77.4,34.0,0.508104246,6150.842053
182,182,12.5,0.25,0.25,0.38,0.63,94.6,1.0,0.598645112,7637.633381
32,32,25.0,0.25,0.25,0.25,0.25,94.6,34.0,0.262139643,2384.728916
80,80,12.5,0.25,0.25,0.25,0.38,77.4,34.0,0.508341786,5728.748277
307,307,12.5,0.25,0.25,0.75,0.5,86.0,16.0,0.588987285,7381.973331
11,11,37.5,0.25,0.25,0.25,0.25,86.0,16.0,0.398976956,3941.255122
43,43,25.0,0.25,0.25,0.25,0.38,94.6,1.0,0.466279462,5360.873908
86,86,12.5,0.25,0.25,0.25,0.5,94.6,1.0,0.573428227,7122.490558
36,36,25.0,0.25,0.25,0.25,0.25,69.7,1.0,0.451910565,5246.521458
58,58,12.5,0.25,0.25,0.25,0.25,94.6,34.0,0.323727288,3139.432546
41,41,25.0,0.25,0.25,0.25,0.38,86.0,1.0,0.487214901,5739.924933
411,411,12.5,0.25,0.38,0.5,0.5,77.4,16.0,0.611462998,7903.513509
562,562,25.0,0.5,0.25,0.63,0.5,77.4,1.0,0.533393093,6619.846953
209,209,12.5,0.25,0.25,0.38,0.75,69.7,24.0,0.533196209,6779.981658
148,148,12.5,0.25,0.25,0.38,0.38,86.0,1.0,0.594364445,7411.174571
594,594,25.0,0.5,0.25,0.63,0.75,77.4,1.0,0.529779854,6880.775896
123,123,12.5,0.25,0.25,0.25,0.75,77.4,16.0,0.607396172,7829.514
574,574,25.0,0.5,0.25,0.63,0.63,86.0,34.0,0.392583006,4232.762305
98,98,12.5,0.25,0.25,0.25,0.5,69.7,34.0,0.443297352,4868.211449
377,377,12.5,0.25,0.38,0.38,0.63,94.6,24.0,0.498657334,5777.3754
130,130,12.5,0.25,0.25,0.25,0.75,69.7,34.0,0.467812388,5377.270863
23,23,37.5,0.25,0.25,0.25,0.25,77.4,24.0,0.384633032,3837.512961
676,676,25.0,0.5,0.38,0.38,0.63,69.7,1.0,0.502785174,6702.780378
555,555,25.0,0.5,0.25,0.63,0.5,94.6,16.0,0.474009658,5333.973572
370,370,12.5,0.25,0.38,0.38,0.5,69.7,34.0,0.483872542,5665.219597
512,512,25.0,0.5,0.25,0.5,0.5,94.6,34.0,0.320564713,3238.028147
383,383,12.5,0.25,0.38,0.38,0.63,77.4,24.0,0.600388431,7604.315838
201,201,12.5,0.25,0.25,0.38,0.75,94.6,24.0,0.46274257,5225.163069
368,368,12.5,0.25,0.38,0.38,0.5,77.4,34.0,0.587276072,7174.664896
554,554,25.0,0.5,0.25,0.63,0.5,86.0,1.0,0.521119725,6595.456285
610,610,25.0,0.5,0.25,0.75,0.5,77.4,1.0,0.510668562,6279.338501
387,387,12.5,0.25,0.38,0.38,0.75,86.0,16.0,0.638323095,8465.885625
292,292,12.5,0.25,0.25,0.63,0.75,86.0,1.0,0.62677511,8440.960969
256,256,12.5,0.25,0.25,0.5,0.75,77.4,34.0,0.578556842,7175.068982
606,606,25.0,0.5,0.25,0.75,0.5,86.0,34.0,0.395387929,4305.511821
197,197,12.5,0.25,0.25,0.38,0.75,94.6,16.0,0.593049003,7399.875886
95,95,12.5,0.25,0.25,0.25,0.5,77.4,24.0,0.545094508,6475.894556
747,747,25.0,0.5,0.38,0.63,0.5,94.6,16.0,0.529162599,6594.044595
732,732,25.0,0.5,0.38,0.5,0.75,94.6,1.0,0.560445243,7415.894412
169,169,12.5,0.25,0.25,0.38,0.5,94.6,24.0,0.43687052,4769.318273
581,581,25.0,0.5,0.25,0.63,0.63,77.4,24.0,0.484089347,5529.066137
305,305,12.5,0.25,0.25,0.63,0.75,69.7,24.0,0.530291604,6482.705721
560,560,25.0,0.5,0.25,0.63,0.5,94.6,34.0,0.32833671,3447.082101
373,373,12.5,0.25,0.38,0.38,0.63,94.6,16.0,0.612390179,7714.323102
227,227,12.5,0.25,0.25,0.5,0.63,86.0,16.0,0.597060641,7541.667404
660,660,25.0,0.5,0.38,0.38,0.5,69.7,1.0,0.507541905,6251.611839
143,143,12.5,0.25,0.25,0.38,0.25,77.4,24.0,0.511830268,5864.128447
180,180,12.5,0.25,0.25,0.38,0.63,86.0,1.0,0.621749749,8064.73881
131,131,12.5,0.25,0.25,0.38,0.25,86.0,16.0,0.52661476,6026.063649
738,738,25.0,0.5,0.38,0.5,0.75,77.4,1.0,0.569329938,7771.010274
47,47,25.0,0.25,0.25,0.25,0.38,94.6,34.0,0.283055065,2452.680747
324,324,12.5,0.25,0.25,0.75,0.63,86.0,1.0,0.610993712,7963.939307
203,203,12.5,0.25,0.25,0.38,0.75,77.4,16.0,0.606599706,7907.240674
84,84,12.5,0.25,0.25,0.25,0.5,86.0,1.0,0.599956822,7660.886044
633,633,25.0,0.5,0.25,0.75,0.75,86.0,16.0,0.517170184,6155.896087
565,565,25.0,0.5,0.25,0.63,0.5,77.4,24.0,0.4693892,5330.062031
611,611,25.0,0.5,0.25,0.75,0.5,69.7,16.0,0.458581988,5834.98164
398,398,12.5,0.25,0.38,0.38,0.75,69.7,1.0,0.566319234,7416.707761
91,91,12.5,0.25,0.25,0.25,0.5,77.4,16.0,0.572611128,7022.189731
82,82,12.5,0.25,0.25,0.25,0.38,69.7,34.0,0.428321547,4667.724945
430,430,12.5,0.25,0.38,0.5,0.63,69.7,1.0,0.557376524,7317.951035
119,119,12.5,0.25,0.25,0.25,0.75,86.0,24.0,0.559094277,6673.303998
291,291,12.5,0.25,0.25,0.63,0.75,86.0,16.0,0.611039732,7897.9319
57,57,12.5,0.25,0.25,0.25,0.25,94.6,24.0,0.376009787,3784.119353
321,321,12.5,0.25,0.25,0.75,0.5,69.7,24.0,0.518556034,6500.097782
257,257,12.5,0.25,0.25,0.5,0.75,69.7,24.0,0.521906846,6621.250814
736,736,25.0,0.5,0.38,0.5,0.75,94.6,34.0,0.387861179,3901.989548
442,442,12.5,0.25,0.38,0.5,0.75,94.6,34.0,0.480707687,5329.263197
42,42,25.0,0.25,0.25,0.25,0.38,94.6,16.0,0.419015102,4546.786741
617,617,25.0,0.5,0.25,0.75,0.63,86.0,16.0,0.506346175,6190.665974
388,388,12.5,0.25,0.38,0.38,0.75,86.0,1.0,0.652144089,8969.401842
335,335,12.5,0.25,0.25,0.75,0.63,77.4,24.0,0.569935673,6929.554801
273,273,12.5,0.25,0.25,0.63,0.5,69.7,24.0,0.505120461,6187.951881
488,488,25.0,0.5,0.25,0.38,0.63,69.7,34.0,0.384610827,4167.451239
550,550,25.0,0.5,0.25,0.5,0.75,77.4,34.0,0.480072982,5496.085062
53,53,12.5,0.25,0.25,0.25,0.25,94.6,16.0,0.490965919,5501.878077
727,727,25.0,0.5,0.38,0.5,0.63,69.7,24.0,0.476202171,5544.621725
128,128,12.5,0.25,0.25,0.25,0.75,77.4,34.0,0.574989422,7044.567605
28,28,25.0,0.25,0.25,0.25,0.25,94.6,1.0,0.425010896,4476.811464
183,183,12.5,0.25,0.25,0.38,0.63,86.0,24.0,0.552926828,6524.295322
459,459,25.0,0.5,0.25,0.38,0.5,94.6,16.0,0.464411249,5205.320295
510,510,25.0,0.5,0.25,0.5,0.5,86.0,34.0,0.372318474,3764.319732
675,675,25.0,0.5,0.38,0.38,0.63,69.7,16.0,0.499992838,6491.223531
151,151,12.5,0.25,0.25,0.38,0.38,86.0,24.0,0.500183678,5534.804936
244,244,12.5,0.25,0.25,0.5,0.75,86.0,1.0,0.619006054,8002.997103
714,714,25.0,0.5,0.38,0.5,0.63,86.0,1.0,0.566413581,7236.090253
543,543,25.0,0.5,0.25,0.5,0.75,94.6,24.0,0.404225284,4576.100711
544,544,25.0,0.5,0.25,0.5,0.75,94.6,34.0,0.334593591,3244.329258
639,639,25.0,0.5,0.25,0.75,0.75,94.6,24.0,0.403217329,4218.327986
697,697,25.0,0.5,0.38,0.5,0.5,86.0,16.0,0.524635459,6412.473451
265,265,12.5,0.25,0.25,0.63,0.5,94.6,24.0,0.454937519,5151.386473
288,288,12.5,0.25,0.25,0.63,0.63,77.4,34.0,0.557250655,6708.241295
423,423,12.5,0.25,0.38,0.5,0.63,86.0,24.0,0.582604099,7303.58812
147,147,12.5,0.25,0.25,0.38,0.38,86.0,16.0,0.553729922,6683.200614
659,659,25.0,0.5,0.38,0.38,0.5,69.7,16.0,0.492994856,5791.456731
177,177,12.5,0.25,0.25,0.38,0.5,69.7,24.0,0.51204794,6132.997934
99,99,12.5,0.25,0.25,0.25,0.63,86.0,16.0,0.595273348,7451.725625
448,448,12.5,0.25,0.38,0.5,0.75,77.4,34.0,0.605130356,7617.395889
431,431,12.5,0.25,0.38,0.5,0.63,77.4,24.0,0.600435148,7564.774933
709,709,25.0,0.5,0.38,0.5,0.5,77.4,24.0,0.508275418,5916.862241
115,115,12.5,0.25,0.25,0.25,0.75,86.0,16.0,0.611725787,7924.516776
72,72,12.5,0.25,0.25,0.25,0.38,86.0,34.0,0.416271363,4350.42467
537,537,25.0,0.5,0.25,0.5,0.75,86.0,16.0,0.520180895,6320.961115
677,677,25.0,0.5,0.38,0.38,0.63,77.4,24.0,0.520587192,6263.807879
762,762,20.0,18.43,0.0,0.0,0.0,86.0,3.77,0.559628479,6131.30938
174,174,12.5,0.25,0.25,0.38,0.5,69.7,1.0,0.535364693,7130.830014
87,87,12.5,0.25,0.25,0.25,0.5,86.0,24.0,0.507748656,5852.874202
551,551,25.0,0.5,0.25,0.5,0.75,69.7,24.0,0.459087683,5663.065794
486,486,25.0,0.5,0.25,0.38,0.63,77.4,34.0,0.470643424,5234.746964
705,705,25.0,0.5,0.38,0.5,0.5,77.4,16.0,0.53427161,6608.041629
314,314,12.5,0.25,0.25,0.75,0.5,94.6,34.0,0.408487848,4281.52619
396,396,12.5,0.25,0.38,0.38,0.75,77.4,1.0,0.641617746,8743.520983
600,600,25.0,0.5,0.25,0.63,0.75,69.7,34.0,0.38581266,4245.285732
472,472,25.0,0.5,0.25,0.38,0.5,69.7,34.0,0.375383664,4290.964878
70,70,12.5,0.25,0.25,0.25,0.38,94.6,1.0,0.547743879,6564.958302
599,599,25.0,0.5,0.25,0.63,0.75,69.7,24.0,0.451103585,5455.118908
754,754,25.0,0.5,0.38,0.63,0.5,77.4,1.0,0.558394035,7184.013843
277,277,12.5,0.25,0.25,0.63,0.63,94.6,16.0,0.579981861,7231.027782
723,723,25.0,0.5,0.38,0.5,0.63,69.7,16.0,0.477123825,5865.384715
9,9,37.5,0.75,0.25,0.25,0.25,77.4,1.0,0.464365879,5356.871861
359,359,12.5,0.25,0.38,0.38,0.5,86.0,24.0,0.566076664,6848.626223
707,707,25.0,0.5,0.38,0.5,0.5,69.7,16.0,0.487117428,5911.49359
763,763,20.0,6.64,0.065,0.229,0.033,86.0,3.77,0.539255853,5686.121958
192,192,12.5,0.25,0.25,0.38,0.63,77.4,34.0,0.553032347,6540.105445
629,629,25.0,0.5,0.25,0.75,0.63,77.4,24.0,0.49368953,5837.215029
559,559,25.0,0.5,0.25,0.63,0.5,94.6,24.0,0.36099568,3828.16556
684,684,25.0,0.5,0.38,0.38,0.75,94.6,1.0,0.552071106,6903.873395
